{
  "overall_metrics": {
    "accuracy": 0.9815277777777778,
    "macro_avg_precision": 0.9742292900521062,
    "macro_avg_recall": 0.9722916666666667,
    "macro_avg_f1": 0.9726441420652253,
    "weighted_avg_precision": 0.9828195267014043,
    "weighted_avg_recall": 0.9815277777777778,
    "weighted_avg_f1": 0.9817627613768168,
    "best_val_accuracy": 98.22222222222223,
    "training_time": "0:02:44.073502",
    "total_parameters": 129356
  },
  "per_class_metrics": {
    "3dmodel": {
      "precision": 1.0,
      "recall": 1.0,
      "f1_score": 1.0,
      "support": 2800.0
    },
    "LEDscreen": {
      "precision": 1.0,
      "recall": 1.0,
      "f1_score": 1.0,
      "support": 400.0
    },
    "bowl__purpleplastic": {
      "precision": 1.0,
      "recall": 1.0,
      "f1_score": 1.0,
      "support": 400.0
    },
    "bowl__whiteceramic": {
      "precision": 1.0,
      "recall": 1.0,
      "f1_score": 1.0,
      "support": 400.0
    },
    "carrot__natural": {
      "precision": 0.9333333333333333,
      "recall": 0.945,
      "f1_score": 0.9391304347826087,
      "support": 400.0
    },
    "eggplant__natural": {
      "precision": 0.9974358974358974,
      "recall": 0.9725,
      "f1_score": 0.9848101265822785,
      "support": 400.0
    },
    "greenpepper__natural": {
      "precision": 0.98989898989899,
      "recall": 0.98,
      "f1_score": 0.9849246231155779,
      "support": 400.0
    },
    "potato__natural": {
      "precision": 0.9943977591036415,
      "recall": 0.8875,
      "f1_score": 0.9379128137384413,
      "support": 400.0
    },
    "redpepper__natural": {
      "precision": 1.0,
      "recall": 1.0,
      "f1_score": 1.0,
      "support": 400.0
    },
    "teacup__ceramic": {
      "precision": 1.0,
      "recall": 1.0,
      "f1_score": 1.0,
      "support": 400.0
    },
    "tomato__natural": {
      "precision": 0.834061135371179,
      "recall": 0.955,
      "f1_score": 0.8904428904428905,
      "support": 400.0
    },
    "yellowpepper__natural": {
      "precision": 0.9416243654822335,
      "recall": 0.9275,
      "f1_score": 0.9345088161209067,
      "support": 400.0
    }
  },
  "class_names": [
    "3dmodel",
    "LEDscreen",
    "bowl__purpleplastic",
    "bowl__whiteceramic",
    "carrot__natural",
    "eggplant__natural",
    "greenpepper__natural",
    "potato__natural",
    "redpepper__natural",
    "teacup__ceramic",
    "tomato__natural",
    "yellowpepper__natural"
  ]
}