{
  "train_loss": [
    2.1990266174077986,
    1.9621401995420455,
    1.9382846772670745,
    1.8868437498807906,
    1.80342036485672,
    1.7606396794319152,
    1.663915228843689,
    1.5428619682788849,
    1.3448326498270036,
    1.0858670830726624,
    0.947153602540493,
    1.0586958453059196,
    0.8824755236506462,
    0.922308349609375,
    0.7545752078294754,
    0.6946551695466041,
    0.7152311213314533,
    0.6236077036708594,
    0.5778912998735904,
    0.621943610906601
  ],
  "val_loss": [
    2.086041879653931,
    1.9499677419662476,
    1.8488416075706482,
    1.9042785167694092,
    1.633341336250305,
    1.68661926984787,
    1.5719964325428009,
    1.380053949356079,
    1.2745622038841247,
    0.9680830240249634,
    0.7445065826177597,
    0.9417360842227935,
    0.8778145432472229,
    0.6553215831518173,
    0.7670286059379577,
    0.7039143979549408,
    0.5313149958848953,
    0.629055631160736,
    0.7573731809854507,
    0.6230851635336876
  ],
  "train_acc": [
    18.28125,
    24.375,
    27.34375,
    29.0625,
    30.78125,
    34.0625,
    37.96875,
    44.84375,
    49.53125,
    60.0,
    62.8125,
    63.28125,
    67.96875,
    67.65625,
    74.375,
    74.84375,
    74.21875,
    77.8125,
    80.9375,
    77.1875
  ],
  "val_acc": [
    25.625,
    28.75,
    36.875,
    30.625,
    47.5,
    34.375,
    45.625,
    62.5,
    51.875,
    63.75,
    78.75,
    73.75,
    66.875,
    75.625,
    66.25,
    75.625,
    83.75,
    73.125,
    76.875,
    80.625
  ],
  "learning_rate": [
    0.0009997532801828658,
    0.0009990133642141358,
    0.00099778098230154,
    0.000996057350657239,
    0.0009938441702975688,
    0.0009911436253643444,
    0.0009879583809693736,
    0.0009842915805643154,
    0.0009801468428384714,
    0.0009755282581475767,
    0.0009704403844771127,
    0.0009648882429441257,
    0.0009588773128419905,
    0.0009524135262330098,
    0.0009455032620941839,
    0.0009381533400219318,
    0.0009303710135019719,
    0.0009221639627510076,
    0.000913540287137281,
    0.0009045084971874739
  ],
  "epoch_time": [
    111.2019031047821,
    120.65124893188477,
    115.03624486923218,
    115.293781042099,
    114.74398303031921,
    116.70712232589722,
    126.7883071899414,
    118.95201563835144,
    110.36370182037354,
    125.02256798744202,
    117.79176497459412,
    125.96149492263794,
    121.5437822341919,
    105.34248495101929,
    125.96890211105347,
    119.3621711730957,
    120.14205503463745,
    131.7037661075592,
    135.47409629821777,
    113.40823101997375
  ]
}