{
  "train_loss": [
    2.1990266174077986,
    1.9621401995420455,
    1.9382846772670745,
    1.8868437498807906,
    1.80342036485672,
    1.7606396794319152,
    1.663915228843689,
    1.5428619682788849,
    1.3448326498270036,
    1.0858670830726624
  ],
  "val_loss": [
    2.086041879653931,
    1.9499677419662476,
    1.8488416075706482,
    1.9042785167694092,
    1.633341336250305,
    1.68661926984787,
    1.5719964325428009,
    1.380053949356079,
    1.2745622038841247,
    0.9680830240249634
  ],
  "train_acc": [
    18.28125,
    24.375,
    27.34375,
    29.0625,
    30.78125,
    34.0625,
    37.96875,
    44.84375,
    49.53125,
    60.0
  ],
  "val_acc": [
    25.625,
    28.75,
    36.875,
    30.625,
    47.5,
    34.375,
    45.625,
    62.5,
    51.875,
    63.75
  ],
  "learning_rate": [
    0.0009997532801828658,
    0.0009990133642141358,
    0.00099778098230154,
    0.000996057350657239,
    0.0009938441702975688,
    0.0009911436253643444,
    0.0009879583809693736,
    0.0009842915805643154,
    0.0009801468428384714,
    0.0009755282581475767
  ],
  "epoch_time": [
    111.2019031047821,
    120.65124893188477,
    115.03624486923218,
    115.293781042099,
    114.74398303031921,
    116.70712232589722,
    126.7883071899414,
    118.95201563835144,
    110.36370182037354,
    125.02256798744202
  ]
}