{
  "train_loss": [
    2.1990266174077986,
    1.9621401995420455,
    1.9382846772670745,
    1.8868437498807906,
    1.80342036485672,
    1.7606396794319152,
    1.663915228843689,
    1.5428619682788849,
    1.3448326498270036,
    1.0858670830726624,
    0.947153602540493,
    1.0586958453059196,
    0.8824755236506462,
    0.922308349609375,
    0.7545752078294754,
    0.6946551695466041,
    0.7152311213314533,
    0.6236077036708594,
    0.5778912998735904,
    0.621943610906601,
    0.618985452875495,
    0.5080497212707996,
    0.5453319519758224,
    0.5338404469192028,
    0.4743244044482708,
    0.4988717697560787,
    0.4169736573472619,
    0.5109525471925735,
    0.4213353369385004,
    0.46923957373946906,
    0.37941605485975743,
    0.3327902006916702,
    0.3770877392031252,
    0.3652384374290705,
    0.344987026322633,
    0.28783953809179363,
    0.28711069459095595,
    0.45173876215703784,
    0.3637501114979386,
    0.45001668743789197,
    0.3182100117206573,
    0.2632558808661997,
    0.2938953563570976,
    0.2174248917028308,
    0.2010708634275943,
    0.2717152114957571,
    0.23277342957444488,
    0.21948199643520638,
    0.17946441096719354,
    0.18244134346023202,
    0.21613542085979134,
    0.17195343370549382,
    0.20481799142435192,
    0.15684299161657692,
    0.18171799065894448,
    0.15028806594200433,
    0.1500755301094614,
    0.12395146302878857,
    0.12983032518532128,
    0.1279522773809731,
    0.13255760464817284,
    0.12778264888329433,
    0.1283137145685032,
    0.13239593799808064,
    0.1286381348443683,
    0.09298197397147305,
    0.10256362229119986,
    0.09082682594889775,
    0.06590848382620607,
    0.09196335839224049,
    0.11163169203209691,
    0.0748070849571377,
    0.07360669760673773,
    0.06263641022669617,
    0.08566481439047494,
    0.051898313910351136,
    0.04528462270682212,
    0.08401510709663854,
    0.058224453550064934,
    0.06299814344965853,
    0.04088289502687985,
    0.04111090159422019,
    0.03253317152848467,
    0.043953499663621186,
    0.039780489404074616,
    0.044157364312559365,
    0.04107674707483966,
    0.045863297616597264,
    0.03249114836362423,
    0.043806800627498886
  ],
  "val_loss": [
    2.086041879653931,
    1.9499677419662476,
    1.8488416075706482,
    1.9042785167694092,
    1.633341336250305,
    1.68661926984787,
    1.5719964325428009,
    1.380053949356079,
    1.2745622038841247,
    0.9680830240249634,
    0.7445065826177597,
    0.9417360842227935,
    0.8778145432472229,
    0.6553215831518173,
    0.7670286059379577,
    0.7039143979549408,
    0.5313149958848953,
    0.629055631160736,
    0.7573731809854507,
    0.6230851635336876,
    0.49455304741859435,
    0.4074953980743885,
    0.5700990304350853,
    0.4123387008905411,
    0.4381926842033863,
    0.3622537337243557,
    0.36571693867444993,
    0.40813896507024766,
    0.2767373315989971,
    0.36999405473470687,
    0.31761348247528076,
    0.2509004555642605,
    0.4726081147789955,
    0.32707811146974564,
    0.2811919793486595,
    0.27476652935147283,
    0.3326803095638752,
    0.37116198018193247,
    0.2827821850776672,
    0.3371600493788719,
    0.2689960151910782,
    0.30909777507185937,
    0.26425701901316645,
    0.2287011992186308,
    0.25075577162206175,
    0.4316968314349651,
    0.23210171088576317,
    0.2604845821857452,
    0.27024694457650184,
    0.2187981389462948,
    0.1846708646044135,
    0.18990243254229427,
    0.24957006573677062,
    0.2032073527574539,
    0.26192846782505513,
    0.15655490206554531,
    0.14488307079300283,
    0.2450399483088404,
    0.1670643216697499,
    0.18257849914953111,
    0.205721296928823,
    0.1341657081618905,
    0.1443399594165385,
    0.21631446732208132,
    0.17333913343027235,
    0.15275714704766868,
    0.16341008737217635,
    0.13213840294629337,
    0.1569194782525301,
    0.15671531156403945,
    0.15880580162629485,
    0.13288361681625246,
    0.1689926874358207,
    0.1801372304558754,
    0.16384713136358187,
    0.1759380135277752,
    0.1800907856581034,
    0.16816271020215937,
    0.16588035968597978,
    0.15399917024187743,
    0.16722198341158218,
    0.16221096882072744,
    0.17523540520924144,
    0.1694759461795911,
    0.17353361059213057,
    0.19331478347303346,
    0.19985729171312414,
    0.1976416199293453,
    0.17882716652820818,
    0.18054425914597233
  ],
  "train_acc": [
    18.28125,
    24.375,
    27.34375,
    29.0625,
    30.78125,
    34.0625,
    37.96875,
    44.84375,
    49.53125,
    60.0,
    62.8125,
    63.28125,
    67.96875,
    67.65625,
    74.375,
    74.84375,
    74.21875,
    77.8125,
    80.9375,
    77.1875,
    79.21875,
    81.40625,
    81.875,
    80.15625,
    82.96875,
    81.09375,
    86.40625,
    81.875,
    84.84375,
    82.65625,
    85.9375,
    88.125,
    88.4375,
    86.40625,
    87.8125,
    89.6875,
    89.375,
    83.75,
    87.1875,
    85.0,
    88.125,
    91.09375,
    90.15625,
    91.71875,
    93.28125,
    89.6875,
    90.9375,
    90.9375,
    93.4375,
    93.125,
    92.8125,
    93.28125,
    91.71875,
    93.75,
    92.5,
    94.375,
    94.375,
    96.25,
    95.9375,
    96.09375,
    95.46875,
    95.9375,
    95.3125,
    94.6875,
    94.84375,
    96.875,
    95.78125,
    96.09375,
    97.34375,
    96.40625,
    95.0,
    97.8125,
    97.03125,
    97.96875,
    97.03125,
    97.8125,
    98.4375,
    96.40625,
    97.8125,
    97.96875,
    98.75,
    98.75,
    99.0625,
    98.4375,
    98.90625,
    98.59375,
    98.28125,
    98.59375,
    99.0625,
    98.90625
  ],
  "val_acc": [
    25.625,
    28.75,
    36.875,
    30.625,
    47.5,
    34.375,
    45.625,
    62.5,
    51.875,
    63.75,
    78.75,
    73.75,
    66.875,
    75.625,
    66.25,
    75.625,
    83.75,
    73.125,
    76.875,
    80.625,
    85.0,
    86.25,
    78.125,
    86.875,
    86.875,
    88.125,
    85.0,
    85.0,
    90.625,
    86.875,
    89.375,
    91.875,
    82.5,
    88.75,
    90.0,
    93.125,
    90.625,
    88.125,
    89.375,
    90.0,
    89.375,
    88.75,
    93.125,
    93.125,
    92.5,
    86.875,
    93.125,
    91.25,
    92.5,
    96.875,
    92.5,
    94.375,
    93.125,
    91.25,
    94.375,
    94.375,
    95.625,
    93.125,
    93.125,
    94.375,
    94.375,
    97.5,
    96.875,
    95.625,
    96.25,
    95.625,
    95.625,
    96.875,
    96.875,
    96.875,
    95.625,
    97.5,
    96.25,
    96.25,
    96.25,
    96.875,
    96.875,
    96.875,
    97.5,
    96.875,
    97.5,
    96.875,
    96.25,
    96.25,
    96.25,
    96.25,
    96.25,
    95.625,
    96.25,
    96.25
  ],