{
  "train_loss": [
    2.1990266174077986,
    1.9621401995420455,
    1.9382846772670745,
    1.8868437498807906,
    1.80342036485672,
    1.7606396794319152,
    1.663915228843689,
    1.5428619682788849,
    1.3448326498270036,
    1.0858670830726624,
    0.947153602540493,
    1.0586958453059196,
    0.8824755236506462,
    0.922308349609375,
    0.7545752078294754,
    0.6946551695466041,
    0.7152311213314533,
    0.6236077036708594,
    0.5778912998735904,
    0.621943610906601,
    0.618985452875495,
    0.5080497212707996,
    0.5453319519758224,
    0.5338404469192028,
    0.4743244044482708,
    0.4988717697560787,
    0.4169736573472619,
    0.5109525471925735,
    0.4213353369385004,
    0.46923957373946906
  ],
  "val_loss": [
    2.086041879653931,
    1.9499677419662476,
    1.8488416075706482,
    1.9042785167694092,
    1.633341336250305,
    1.68661926984787,
    1.5719964325428009,
    1.380053949356079,
    1.2745622038841247,
    0.9680830240249634,
    0.7445065826177597,
    0.9417360842227935,
    0.8778145432472229,
    0.6553215831518173,
    0.7670286059379577,
    0.7039143979549408,
    0.5313149958848953,
    0.629055631160736,
    0.7573731809854507,
    0.6230851635336876,
    0.49455304741859435,
    0.4074953980743885,
    0.5700990304350853,
    0.4123387008905411,
    0.4381926842033863,
    0.3622537337243557,
    0.36571693867444993,
    0.40813896507024766,
    0.2767373315989971,
    0.36999405473470687
  ],
  "train_acc": [
    18.28125,
    24.375,
    27.34375,
    29.0625,
    30.78125,
    34.0625,
    37.96875,
    44.84375,
    49.53125,
    60.0,
    62.8125,
    63.28125,
    67.96875,
    67.65625,
    74.375,
    74.84375,
    74.21875,
    77.8125,
    80.9375,
    77.1875,
    79.21875,
    81.40625,
    81.875,
    80.15625,
    82.96875,
    81.09375,
    86.40625,
    81.875,
    84.84375,
    82.65625
  ],
  "val_acc": [
    25.625,
    28.75,
    36.875,
    30.625,
    47.5,
    34.375,
    45.625,
    62.5,
    51.875,
    63.75,
    78.75,
    73.75,
    66.875,
    75.625,
    66.25,
    75.625,
    83.75,
    73.125,
    76.875,
    80.625,
    85.0,
    86.25,
    78.125,
    86.875,
    86.875,
    88.125,
    85.0,
    85.0,
    90.625,
    86.875
  ],
  "learning_rate": [
    0.0009997532801828658,
    0.0009990133642141358,
    0.00099778098230154,
    0.000996057350657239,
    0.0009938441702975688,
    0.0009911436253643444,
    0.0009879583809693736,
    0.0009842915805643154,
    0.0009801468428384714,
    0.0009755282581475767,
    0.0009704403844771127,
    0.0009648882429441257,
    0.0009588773128419905,
    0.0009524135262330098,
    0.0009455032620941839,
    0.0009381533400219318,
    0.0009303710135019719,
    0.0009221639627510076,
    0.000913540287137281,
    0.0009045084971874739,
    0.0008950775061878453,
    0.0008852566213878948,
    0.0008750555348152299,
    0.0008644843137107058,
    0.0008535533905932738,
    0.0008422735529643445,
    0.000830655932661826,
    0.000818711994874345,
    0.0008064535268264884,
    0.0007938926261462368
  ],
  "epoch_time": [
    111.2019031047821,
    120.65124893188477,
    115.03624486923218,
    115.293781042099,
    114.74398303031921,
    116.70712232589722,
    126.7883071899414,
    118.95201563835144,
    110.36370182037354,
    125.02256798744202,
    117.79176497459412,
    125.96149492263794,
    121.5437822341919,
    105.34248495101929,
    125.96890211105347,
    119.3621711730957,
    120.14205503463745,
    131.7037661075592,
    135.47409629821777,
    113.40823101997375,
    118.22547578811646,
    114.32258200645447,
    113.18081784248352,
    116.99595427513123,
    119.40324401855469,
    120.56348991394043,
    110.61350417137146,
    119.56052899360657,
    135.1348021030426,
    113.22180104255676
  ]
}