{
  "bowl": {
    "precision": 0.37254901960784315,
    "recall": 0.95,
    "f1-score": 0.5352112676056338,
    "support": 20.0
  },
  "carrot": {
    "precision": 0.75,
    "recall": 0.75,
    "f1-score": 0.75,
    "support": 20.0
  },
  "eggplant": {
    "precision": 0.8421052631578947,
    "recall": 0.5161290322580645,
    "f1-score": 0.64,
    "support": 31.0
  },
  "greenpepper": {
    "precision": 0.0,
    "recall": 0.0,
    "f1-score": 0.0,
    "support": 9.0
  },
  "potato": {
    "precision": 0.6285714285714286,
    "recall": 0.7586206896551724,
    "f1-score": 0.6875,
    "support": 29.0
  },
  "redpepper": {
    "precision": 0.0,
    "recall": 0.0,
    "f1-score": 0.0,
    "support": 5.0
  },
  "teacup": {
    "precision": 0.8947368421052632,
    "recall": 0.85,
    "f1-score": 0.8717948717948718,
    "support": 20.0
  },
  "tomato": {
    "precision": 0.6875,
    "recall": 0.55,
    "f1-score": 0.6111111111111112,
    "support": 20.0
  },
  "yellowpepper": {
    "precision": 0.0,
    "recall": 0.0,
    "f1-score": 0.0,
    "support": 6.0
  },
  "accuracy": 0.625,
  "macro avg": {
    "precision": 0.46394028371582546,
    "recall": 0.486083302434804,
    "f1-score": 0.45506858339017964,
    "support": 160.0
  },
  "weighted avg": {
    "precision": 0.6151846988795519,
    "recall": 0.625,
    "f1-score": 0.5946240313139521,
    "support": 160.0
  }
}