{
  "bowl": {
    "precision": 1.0,
    "recall": 1.0,
    "f1-score": 1.0,
    "support": 20.0
  },
  "carrot": {
    "precision": 0.5588235294117647,
    "recall": 0.95,
    "f1-score": 0.7037037037037037,
    "support": 20.0
  },
  "eggplant": {
    "precision": 0.9090909090909091,
    "recall": 0.967741935483871,
    "f1-score": 0.9375,
    "support": 31.0
  },
  "greenpepper": {
    "precision": 1.0,
    "recall": 0.7777777777777778,
    "f1-score": 0.875,
    "support": 9.0
  },
  "potato": {
    "precision": 0.8214285714285714,
    "recall": 0.7931034482758621,
    "f1-score": 0.8070175438596491,
    "support": 29.0
  },
  "redpepper": {
    "precision": 0.6666666666666666,
    "recall": 0.4,
    "f1-score": 0.5,
    "support": 5.0
  },
  "teacup": {
    "precision": 0.9523809523809523,
    "recall": 1.0,
    "f1-score": 0.975609756097561,
    "support": 20.0
  },
  "tomato": {
    "precision": 0.9230769230769231,
    "recall": 0.6,
    "f1-score": 0.7272727272727273,
    "support": 20.0
  },
  "yellowpepper": {
    "precision": 1.0,
    "recall": 0.16666666666666666,
    "f1-score": 0.2857142857142857,
    "support": 6.0
  },
  "accuracy": 0.8375,
  "macro avg": {
    "precision": 0.8701630613395319,
    "recall": 0.7394766475782419,
    "f1-score": 0.7568686685164363,
    "support": 160.0
  },
  "weighted avg": {
    "precision": 0.8688888011498307,
    "recall": 0.8375,
    "f1-score": 0.8292938639230961,
    "support": 160.0
  }
}