{
  "bowl": {
    "precision": 0.0,
    "recall": 0.0,
    "f1-score": 0.0,
    "support": 20.0
  },
  "carrot": {
    "precision": 0.2028985507246377,
    "recall": 0.7,
    "f1-score": 0.3146067415730337,
    "support": 20.0
  },
  "eggplant": {
    "precision": 0.782608695652174,
    "recall": 0.5806451612903226,
    "f1-score": 0.6666666666666666,
    "support": 31.0
  },
  "greenpepper": {
    "precision": 0.0,
    "recall": 0.0,
    "f1-score": 0.0,
    "support": 9.0
  },
  "potato": {
    "precision": 0.5789473684210527,
    "recall": 0.7586206896551724,
    "f1-score": 0.6567164179104478,
    "support": 29.0
  },
  "redpepper": {
    "precision": 0.0,
    "recall": 0.0,
    "f1-score": 0.0,
    "support": 5.0
  },
  "teacup": {
    "precision": 0.8333333333333334,
    "recall": 1.0,
    "f1-score": 0.9090909090909091,
    "support": 20.0
  },
  "tomato": {
    "precision": 0.3333333333333333,
    "recall": 0.1,
    "f1-score": 0.15384615384615385,
    "support": 20.0
  },
  "yellowpepper": {
    "precision": 0.0,
    "recall": 0.0,
    "f1-score": 0.0,
    "support": 6.0
  },
  "accuracy": 0.475,
  "macro avg": {
    "precision": 0.30345792016272566,
    "recall": 0.3488073167717217,
    "f1-score": 0.3001029876763568,
    "support": 160.0
  },
  "weighted avg": {
    "precision": 0.4277602974828375,
    "recall": 0.475,
    "f1-score": 0.42038949297669737,
    "support": 160.0
  }
}