{
  "bowl": {
    "precision": 0.375,
    "recall": 0.75,
    "f1-score": 0.5,
    "support": 20.0
  },
  "carrot": {
    "precision": 0.0,
    "recall": 0.0,
    "f1-score": 0.0,
    "support": 20.0
  },
  "eggplant": {
    "precision": 0.34782608695652173,
    "recall": 0.7741935483870968,
    "f1-score": 0.48,
    "support": 31.0
  },
  "greenpepper": {
    "precision": 0.0,
    "recall": 0.0,
    "f1-score": 0.0,
    "support": 9.0
  },
  "potato": {
    "precision": 0.5217391304347826,
    "recall": 0.41379310344827586,
    "f1-score": 0.46153846153846156,
    "support": 29.0
  },
  "redpepper": {
    "precision": 0.0,
    "recall": 0.0,
    "f1-score": 0.0,
    "support": 5.0
  },
  "teacup": {
    "precision": 0.8333333333333334,
    "recall": 1.0,
    "f1-score": 0.9090909090909091,
    "support": 20.0
  },
  "tomato": {
    "precision": 0.5,
    "recall": 0.1,
    "f1-score": 0.16666666666666666,
    "support": 20.0
  },
  "yellowpepper": {
    "precision": 0.0,
    "recall": 0.0,
    "f1-score": 0.0,
    "support": 6.0
  },
  "accuracy": 0.45625,
  "macro avg": {
    "precision": 0.2864331723027375,
    "recall": 0.3375540724261525,
    "f1-score": 0.27969955969955973,
    "support": 160.0
  },
  "weighted avg": {
    "precision": 0.3754981884057971,
    "recall": 0.45625,
    "f1-score": 0.3736235431235431,
    "support": 160.0
  }
}