{
  "bowl": {
    "precision": 1.0,
    "recall": 1.0,
    "f1-score": 1.0,
    "support": 20.0
  },
  "carrot": {
    "precision": 0.8,
    "recall": 0.8,
    "f1-score": 0.8,
    "support": 20.0
  },
  "eggplant": {
    "precision": 0.8823529411764706,
    "recall": 0.967741935483871,
    "f1-score": 0.9230769230769231,
    "support": 31.0
  },
  "greenpepper": {
    "precision": 1.0,
    "recall": 0.7777777777777778,
    "f1-score": 0.875,
    "support": 9.0
  },
  "potato": {
    "precision": 0.84375,
    "recall": 0.9310344827586207,
    "f1-score": 0.8852459016393442,
    "support": 29.0
  },
  "redpepper": {
    "precision": 1.0,
    "recall": 0.6,
    "f1-score": 0.75,
    "support": 5.0
  },
  "teacup": {
    "precision": 1.0,
    "recall": 1.0,
    "f1-score": 1.0,
    "support": 20.0
  },
  "tomato": {
    "precision": 1.0,
    "recall": 0.7,
    "f1-score": 0.8235294117647058,
    "support": 20.0
  },
  "yellowpepper": {
    "precision": 0.5,
    "recall": 0.8333333333333334,
    "f1-score": 0.625,
    "support": 6.0
  },
  "accuracy": 0.8875,
  "macro avg": {
    "precision": 0.8917892156862747,
    "recall": 0.8455430588170669,
    "f1-score": 0.8535391373867749,
    "support": 160.0
  },
  "weighted avg": {
    "precision": 0.9051355698529411,
    "recall": 0.8875,
    "f1-score": 0.8883318999888733,
    "support": 160.0
  }
}