{
  "bowl": {
    "precision": 0.6451612903225806,
    "recall": 1.0,
    "f1-score": 0.7843137254901961,
    "support": 20.0
  },
  "carrot": {
    "precision": 0.5,
    "recall": 0.95,
    "f1-score": 0.6551724137931034,
    "support": 20.0
  },
  "eggplant": {
    "precision": 0.9565217391304348,
    "recall": 0.7096774193548387,
    "f1-score": 0.8148148148148148,
    "support": 31.0
  },
  "greenpepper": {
    "precision": 1.0,
    "recall": 0.7777777777777778,
    "f1-score": 0.875,
    "support": 9.0
  },
  "potato": {
    "precision": 0.8148148148148148,
    "recall": 0.7586206896551724,
    "f1-score": 0.7857142857142857,
    "support": 29.0
  },
  "redpepper": {
    "precision": 1.0,
    "recall": 0.2,
    "f1-score": 0.3333333333333333,
    "support": 5.0
  },
  "teacup": {
    "precision": 1.0,
    "recall": 0.95,
    "f1-score": 0.9743589743589743,
    "support": 20.0
  },
  "tomato": {
    "precision": 1.0,
    "recall": 0.5,
    "f1-score": 0.6666666666666666,
    "support": 20.0
  },
  "yellowpepper": {
    "precision": 0.25,
    "recall": 0.16666666666666666,
    "f1-score": 0.2,
    "support": 6.0
  },
  "accuracy": 0.75625,
  "macro avg": {
    "precision": 0.7962775382519811,
    "recall": 0.668082505939384,
    "f1-score": 0.6765971349079305,
    "support": 160.0
  },
  "weighted avg": {
    "precision": 0.8230314334320296,
    "recall": 0.75625,
    "f1-score": 0.7524804738613688,
    "support": 160.0
  }
}