{
  "bowl": {
    "precision": 1.0,
    "recall": 1.0,
    "f1-score": 1.0,
    "support": 20.0
  },
  "carrot": {
    "precision": 0.7916666666666666,
    "recall": 0.95,
    "f1-score": 0.8636363636363636,
    "support": 20.0
  },
  "eggplant": {
    "precision": 0.9393939393939394,
    "recall": 1.0,
    "f1-score": 0.96875,
    "support": 31.0
  },
  "greenpepper": {
    "precision": 1.0,
    "recall": 0.8888888888888888,
    "f1-score": 0.9411764705882353,
    "support": 9.0
  },
  "potato": {
    "precision": 0.9,
    "recall": 0.9310344827586207,
    "f1-score": 0.9152542372881356,
    "support": 29.0
  },
  "redpepper": {
    "precision": 1.0,
    "recall": 0.8,
    "f1-score": 0.8888888888888888,
    "support": 5.0
  },
  "teacup": {
    "precision": 0.9523809523809523,
    "recall": 1.0,
    "f1-score": 0.975609756097561,
    "support": 20.0
  },
  "tomato": {
    "precision": 0.9285714285714286,
    "recall": 0.65,
    "f1-score": 0.7647058823529411,
    "support": 20.0
  },
  "yellowpepper": {
    "precision": 1.0,
    "recall": 1.0,
    "f1-score": 1.0,
    "support": 6.0
  },
  "accuracy": 0.925,
  "macro avg": {
    "precision": 0.9457792207792208,
    "recall": 0.9133248190719454,
    "f1-score": 0.9242246220946806,
    "support": 160.0
  },
  "weighted avg": {
    "precision": 0.9292099567099565,
    "recall": 0.925,
    "f1-score": 0.9222980975176988,
    "support": 160.0
  }
}