{
  "bowl": {
    "precision": 1.0,
    "recall": 1.0,
    "f1-score": 1.0,
    "support": 20.0
  },
  "carrot": {
    "precision": 0.9523809523809523,
    "recall": 1.0,
    "f1-score": 0.975609756097561,
    "support": 20.0
  },
  "eggplant": {
    "precision": 0.9117647058823529,
    "recall": 1.0,
    "f1-score": 0.9538461538461539,
    "support": 31.0
  },
  "greenpepper": {
    "precision": 0.875,
    "recall": 0.7777777777777778,
    "f1-score": 0.8235294117647058,
    "support": 9.0
  },
  "potato": {
    "precision": 1.0,
    "recall": 0.9310344827586207,
    "f1-score": 0.9642857142857143,
    "support": 29.0
  },
  "redpepper": {
    "precision": 1.0,
    "recall": 0.8,
    "f1-score": 0.8888888888888888,
    "support": 5.0
  },
  "teacup": {
    "precision": 0.95,
    "recall": 0.95,
    "f1-score": 0.95,
    "support": 20.0
  },
  "tomato": {
    "precision": 0.95,
    "recall": 0.95,
    "f1-score": 0.95,
    "support": 20.0
  },
  "yellowpepper": {
    "precision": 1.0,
    "recall": 1.0,
    "f1-score": 1.0,
    "support": 6.0
  },
  "accuracy": 0.95625,
  "macro avg": {
    "precision": 0.9599050731403671,
    "recall": 0.9343124733929332,
    "f1-score": 0.9451288805425582,
    "support": 160.0
  },
  "weighted avg": {
    "precision": 0.957420780812325,
    "recall": 0.95625,
    "f1-score": 0.9556370047237156,
    "support": 160.0
  }
}