{
  "bowl": {
    "precision": 0.9090909090909091,
    "recall": 1.0,
    "f1-score": 0.9523809523809523,
    "support": 20.0
  },
  "carrot": {
    "precision": 0.8,
    "recall": 1.0,
    "f1-score": 0.8888888888888888,
    "support": 20.0
  },
  "eggplant": {
    "precision": 0.9333333333333333,
    "recall": 0.9032258064516129,
    "f1-score": 0.9180327868852459,
    "support": 31.0
  },
  "greenpepper": {
    "precision": 1.0,
    "recall": 0.7777777777777778,
    "f1-score": 0.875,
    "support": 9.0
  },
  "potato": {
    "precision": 0.9,
    "recall": 0.9310344827586207,
    "f1-score": 0.9152542372881356,
    "support": 29.0
  },
  "redpepper": {
    "precision": 1.0,
    "recall": 0.6,
    "f1-score": 0.75,
    "support": 5.0
  },
  "teacup": {
    "precision": 1.0,
    "recall": 1.0,
    "f1-score": 1.0,
    "support": 20.0
  },
  "tomato": {
    "precision": 0.8,
    "recall": 0.6,
    "f1-score": 0.6857142857142857,
    "support": 20.0
  },
  "yellowpepper": {
    "precision": 0.75,
    "recall": 1.0,
    "f1-score": 0.8571428571428571,
    "support": 6.0
  },
  "accuracy": 0.89375,
  "macro avg": {
    "precision": 0.8991582491582493,
    "recall": 0.8680042296653345,
    "f1-score": 0.8713793342555962,
    "support": 160.0
  },
  "weighted avg": {
    "precision": 0.898219696969697,
    "recall": 0.89375,
    "f1-score": 0.8894308059833639,
    "support": 160.0
  }
}