{
  "bowl": {
    "precision": 1.0,
    "recall": 1.0,
    "f1-score": 1.0,
    "support": 20.0
  },
  "carrot": {
    "precision": 0.8636363636363636,
    "recall": 0.95,
    "f1-score": 0.9047619047619048,
    "support": 20.0
  },
  "eggplant": {
    "precision": 0.9090909090909091,
    "recall": 0.967741935483871,
    "f1-score": 0.9375,
    "support": 31.0
  },
  "greenpepper": {
    "precision": 1.0,
    "recall": 0.7777777777777778,
    "f1-score": 0.875,
    "support": 9.0
  },
  "potato": {
    "precision": 0.84375,
    "recall": 0.9310344827586207,
    "f1-score": 0.8852459016393442,
    "support": 29.0
  },
  "redpepper": {
    "precision": 1.0,
    "recall": 0.8,
    "f1-score": 0.8888888888888888,
    "support": 5.0
  },
  "teacup": {
    "precision": 1.0,
    "recall": 1.0,
    "f1-score": 1.0,
    "support": 20.0
  },
  "tomato": {
    "precision": 0.9333333333333333,
    "recall": 0.7,
    "f1-score": 0.8,
    "support": 20.0
  },
  "yellowpepper": {
    "precision": 0.8571428571428571,
    "recall": 1.0,
    "f1-score": 0.9230769230769231,
    "support": 6.0
  },
  "accuracy": 0.91875,
  "macro avg": {
    "precision": 0.9341059403559405,
    "recall": 0.9029504662244743,
    "f1-score": 0.9127192909296734,
    "support": 160.0
  },
  "weighted avg": {
    "precision": 0.9233301204004329,
    "recall": 0.91875,
    "f1-score": 0.9167985951605317,
    "support": 160.0
  }
}