{
  "bowl": {
    "precision": 0.9523809523809523,
    "recall": 1.0,
    "f1-score": 0.975609756097561,
    "support": 20.0
  },
  "carrot": {
    "precision": 0.95,
    "recall": 0.95,
    "f1-score": 0.95,
    "support": 20.0
  },
  "eggplant": {
    "precision": 0.9375,
    "recall": 0.967741935483871,
    "f1-score": 0.9523809523809523,
    "support": 31.0
  },
  "greenpepper": {
    "precision": 1.0,
    "recall": 0.8888888888888888,
    "f1-score": 0.9411764705882353,
    "support": 9.0
  },
  "potato": {
    "precision": 0.9,
    "recall": 0.9310344827586207,
    "f1-score": 0.9152542372881356,
    "support": 29.0
  },
  "redpepper": {
    "precision": 1.0,
    "recall": 0.8,
    "f1-score": 0.8888888888888888,
    "support": 5.0
  },
  "teacup": {
    "precision": 0.9523809523809523,
    "recall": 1.0,
    "f1-score": 0.975609756097561,
    "support": 20.0
  },
  "tomato": {
    "precision": 0.9444444444444444,
    "recall": 0.85,
    "f1-score": 0.8947368421052632,
    "support": 20.0
  },
  "yellowpepper": {
    "precision": 1.0,
    "recall": 1.0,
    "f1-score": 1.0,
    "support": 6.0
  },
  "accuracy": 0.94375,
  "macro avg": {
    "precision": 0.9596340388007055,
    "recall": 0.9319628119034866,
    "f1-score": 0.9437396559385108,
    "support": 160.0
  },
  "weighted avg": {
    "precision": 0.9446664186507938,
    "recall": 0.94375,
    "f1-score": 0.9431271385681983,
    "support": 160.0
  }
}