{
  "bowl": {
    "precision": 1.0,
    "recall": 0.95,
    "f1-score": 0.9743589743589743,
    "support": 20.0
  },
  "carrot": {
    "precision": 0.5769230769230769,
    "recall": 0.75,
    "f1-score": 0.6521739130434783,
    "support": 20.0
  },
  "eggplant": {
    "precision": 0.9285714285714286,
    "recall": 0.8387096774193549,
    "f1-score": 0.8813559322033898,
    "support": 31.0
  },
  "greenpepper": {
    "precision": 0.42857142857142855,
    "recall": 1.0,
    "f1-score": 0.6,
    "support": 9.0
  },
  "potato": {
    "precision": 0.8518518518518519,
    "recall": 0.7931034482758621,
    "f1-score": 0.8214285714285714,
    "support": 29.0
  },
  "redpepper": {
    "precision": 1.0,
    "recall": 0.2,
    "f1-score": 0.3333333333333333,
    "support": 5.0
  },
  "teacup": {
    "precision": 1.0,
    "recall": 0.65,
    "f1-score": 0.7878787878787878,
    "support": 20.0
  },
  "tomato": {
    "precision": 0.5833333333333334,
    "recall": 0.7,
    "f1-score": 0.6363636363636364,
    "support": 20.0
  },
  "yellowpepper": {
    "precision": 1.0,
    "recall": 0.16666666666666666,
    "f1-score": 0.2857142857142857,
    "support": 6.0
  },
  "accuracy": 0.75625,
  "macro avg": {
    "precision": 0.8188056799167911,
    "recall": 0.6720533102624315,
    "f1-score": 0.6636230482582729,
    "support": 160.0
  },
  "weighted avg": {
    "precision": 0.8221980565730564,
    "recall": 0.75625,
    "f1-score": 0.7558745067723973,
    "support": 160.0
  }
}