{
  "bowl": {
    "precision": 1.0,
    "recall": 1.0,
    "f1-score": 1.0,
    "support": 20.0
  },
  "carrot": {
    "precision": 0.7916666666666666,
    "recall": 0.95,
    "f1-score": 0.8636363636363636,
    "support": 20.0
  },
  "eggplant": {
    "precision": 0.967741935483871,
    "recall": 0.967741935483871,
    "f1-score": 0.967741935483871,
    "support": 31.0
  },
  "greenpepper": {
    "precision": 1.0,
    "recall": 0.8888888888888888,
    "f1-score": 0.9411764705882353,
    "support": 9.0
  },
  "potato": {
    "precision": 0.84375,
    "recall": 0.9310344827586207,
    "f1-score": 0.8852459016393442,
    "support": 29.0
  },
  "redpepper": {
    "precision": 1.0,
    "recall": 0.8,
    "f1-score": 0.8888888888888888,
    "support": 5.0
  },
  "teacup": {
    "precision": 1.0,
    "recall": 1.0,
    "f1-score": 1.0,
    "support": 20.0
  },
  "tomato": {
    "precision": 0.9230769230769231,
    "recall": 0.6,
    "f1-score": 0.7272727272727273,
    "support": 20.0
  },
  "yellowpepper": {
    "precision": 0.75,
    "recall": 1.0,
    "f1-score": 0.8571428571428571,
    "support": 6.0
  },
  "accuracy": 0.9125,
  "macro avg": {
    "precision": 0.9195817250252735,
    "recall": 0.9041850341257089,
    "f1-score": 0.9034561271835876,
    "support": 160.0
  },
  "weighted avg": {
    "precision": 0.9203976362179487,
    "recall": 0.9125,
    "f1-score": 0.9096762674269907,
    "support": 160.0
  }
}