{
  "bowl": {
    "precision": 1.0,
    "recall": 1.0,
    "f1-score": 1.0,
    "support": 20.0
  },
  "carrot": {
    "precision": 0.9473684210526315,
    "recall": 0.9,
    "f1-score": 0.9230769230769231,
    "support": 20.0
  },
  "eggplant": {
    "precision": 0.9375,
    "recall": 0.967741935483871,
    "f1-score": 0.9523809523809523,
    "support": 31.0
  },
  "greenpepper": {
    "precision": 1.0,
    "recall": 0.7777777777777778,
    "f1-score": 0.875,
    "support": 9.0
  },
  "potato": {
    "precision": 0.7741935483870968,
    "recall": 0.8275862068965517,
    "f1-score": 0.8,
    "support": 29.0
  },
  "redpepper": {
    "precision": 1.0,
    "recall": 0.8,
    "f1-score": 0.8888888888888888,
    "support": 5.0
  },
  "teacup": {
    "precision": 1.0,
    "recall": 1.0,
    "f1-score": 1.0,
    "support": 20.0
  },
  "tomato": {
    "precision": 0.875,
    "recall": 0.7,
    "f1-score": 0.7777777777777778,
    "support": 20.0
  },
  "yellowpepper": {
    "precision": 0.5454545454545454,
    "recall": 1.0,
    "f1-score": 0.7058823529411765,
    "support": 6.0
  },
  "accuracy": 0.89375,
  "macro avg": {
    "precision": 0.8977240572104748,
    "recall": 0.8859006577953557,
    "f1-score": 0.8803340994517466,
    "support": 160.0
  },
  "weighted avg": {
    "precision": 0.9077138037312859,
    "recall": 0.89375,
    "f1-score": 0.8955977631437191,
    "support": 160.0
  }
}