{
  "bowl": {
    "precision": 1.0,
    "recall": 1.0,
    "f1-score": 1.0,
    "support": 20.0
  },
  "carrot": {
    "precision": 0.8695652173913043,
    "recall": 1.0,
    "f1-score": 0.9302325581395349,
    "support": 20.0
  },
  "eggplant": {
    "precision": 0.96875,
    "recall": 1.0,
    "f1-score": 0.9841269841269841,
    "support": 31.0
  },
  "greenpepper": {
    "precision": 1.0,
    "recall": 0.8888888888888888,
    "f1-score": 0.9411764705882353,
    "support": 9.0
  },
  "potato": {
    "precision": 1.0,
    "recall": 0.9310344827586207,
    "f1-score": 0.9642857142857143,
    "support": 29.0
  },
  "redpepper": {
    "precision": 1.0,
    "recall": 0.8,
    "f1-score": 0.8888888888888888,
    "support": 5.0
  },
  "teacup": {
    "precision": 1.0,
    "recall": 1.0,
    "f1-score": 1.0,
    "support": 20.0
  },
  "tomato": {
    "precision": 0.9473684210526315,
    "recall": 0.9,
    "f1-score": 0.9230769230769231,
    "support": 20.0
  },
  "yellowpepper": {
    "precision": 0.8571428571428571,
    "recall": 1.0,
    "f1-score": 0.9230769230769231,
    "support": 6.0
  },
  "accuracy": 0.9625,
  "macro avg": {
    "precision": 0.9603140550651992,
    "recall": 0.9466581524052788,
    "f1-score": 0.9505404957981338,
    "support": 160.0
  },
  "weighted avg": {
    "precision": 0.9657048744483492,
    "recall": 0.9625,
    "f1-score": 0.9624494129046969,
    "support": 160.0
  }
}