{
  "bowl": {
    "precision": 0.9523809523809523,
    "recall": 1.0,
    "f1-score": 0.975609756097561,
    "support": 20.0
  },
  "carrot": {
    "precision": 1.0,
    "recall": 0.95,
    "f1-score": 0.9743589743589743,
    "support": 20.0
  },
  "eggplant": {
    "precision": 0.9375,
    "recall": 0.967741935483871,
    "f1-score": 0.9523809523809523,
    "support": 31.0
  },
  "greenpepper": {
    "precision": 0.875,
    "recall": 0.7777777777777778,
    "f1-score": 0.8235294117647058,
    "support": 9.0
  },
  "potato": {
    "precision": 0.84375,
    "recall": 0.9310344827586207,
    "f1-score": 0.8852459016393442,
    "support": 29.0
  },
  "redpepper": {
    "precision": 1.0,
    "recall": 0.6,
    "f1-score": 0.75,
    "support": 5.0
  },
  "teacup": {
    "precision": 1.0,
    "recall": 1.0,
    "f1-score": 1.0,
    "support": 20.0
  },
  "tomato": {
    "precision": 0.9411764705882353,
    "recall": 0.8,
    "f1-score": 0.8648648648648649,
    "support": 20.0
  },
  "yellowpepper": {
    "precision": 0.75,
    "recall": 1.0,
    "f1-score": 0.8571428571428571,
    "support": 6.0
  },
  "accuracy": 0.925,
  "macro avg": {
    "precision": 0.9222008247743543,
    "recall": 0.8918393551133632,
    "f1-score": 0.8981258575832511,
    "support": 160.0
  },
  "weighted avg": {
    "precision": 0.9298587403711485,
    "recall": 0.925,
    "f1-score": 0.9237327151657375,
    "support": 160.0
  }
}