{
  "bowl": {
    "precision": 0.8,
    "recall": 1.0,
    "f1-score": 0.8888888888888888,
    "support": 20.0
  },
  "carrot": {
    "precision": 0.6428571428571429,
    "recall": 0.9,
    "f1-score": 0.75,
    "support": 20.0
  },
  "eggplant": {
    "precision": 0.8620689655172413,
    "recall": 0.8064516129032258,
    "f1-score": 0.8333333333333334,
    "support": 31.0
  },
  "greenpepper": {
    "precision": 0.8333333333333334,
    "recall": 0.5555555555555556,
    "f1-score": 0.6666666666666666,
    "support": 9.0
  },
  "potato": {
    "precision": 0.7142857142857143,
    "recall": 0.8620689655172413,
    "f1-score": 0.78125,
    "support": 29.0
  },
  "redpepper": {
    "precision": 1.0,
    "recall": 0.2,
    "f1-score": 0.3333333333333333,
    "support": 5.0
  },
  "teacup": {
    "precision": 0.9090909090909091,
    "recall": 1.0,
    "f1-score": 0.9523809523809523,
    "support": 20.0
  },
  "tomato": {
    "precision": 0.8571428571428571,
    "recall": 0.6,
    "f1-score": 0.7058823529411765,
    "support": 20.0
  },
  "yellowpepper": {
    "precision": 0.0,
    "recall": 0.0,
    "f1-score": 0.0,
    "support": 6.0
  },
  "accuracy": 0.7875,
  "macro avg": {
    "precision": 0.7354198802474665,
    "recall": 0.6582306815528914,
    "f1-score": 0.6568595030604835,
    "support": 160.0
  },
  "weighted avg": {
    "precision": 0.775751511419615,
    "recall": 0.7875,
    "f1-score": 0.7631205867763773,
    "support": 160.0
  }
}