{
  "bowl": {
    "precision": 0.8,
    "recall": 1.0,
    "f1-score": 0.8888888888888888,
    "support": 20.0
  },
  "carrot": {
    "precision": 0.7142857142857143,
    "recall": 1.0,
    "f1-score": 0.8333333333333334,
    "support": 20.0
  },
  "eggplant": {
    "precision": 0.9259259259259259,
    "recall": 0.8064516129032258,
    "f1-score": 0.8620689655172413,
    "support": 31.0
  },
  "greenpepper": {
    "precision": 0.875,
    "recall": 0.7777777777777778,
    "f1-score": 0.8235294117647058,
    "support": 9.0
  },
  "potato": {
    "precision": 0.8888888888888888,
    "recall": 0.8275862068965517,
    "f1-score": 0.8571428571428571,
    "support": 29.0
  },
  "redpepper": {
    "precision": 1.0,
    "recall": 0.6,
    "f1-score": 0.75,
    "support": 5.0
  },
  "teacup": {
    "precision": 1.0,
    "recall": 1.0,
    "f1-score": 1.0,
    "support": 20.0
  },
  "tomato": {
    "precision": 0.875,
    "recall": 0.7,
    "f1-score": 0.7777777777777778,
    "support": 20.0
  },
  "yellowpepper": {
    "precision": 1.0,
    "recall": 1.0,
    "f1-score": 1.0,
    "support": 6.0
  },
  "accuracy": 0.86875,
  "macro avg": {
    "precision": 0.8976778365667255,
    "recall": 0.8568683997308395,
    "f1-score": 0.8658601371583116,
    "support": 160.0
  },
  "weighted avg": {
    "precision": 0.8821387235449734,
    "recall": 0.86875,
    "f1-score": 0.867144034337873,
    "support": 160.0
  }
}