{
  "bowl": {
    "precision": 1.0,
    "recall": 1.0,
    "f1-score": 1.0,
    "support": 20.0
  },
  "carrot": {
    "precision": 1.0,
    "recall": 0.7,
    "f1-score": 0.8235294117647058,
    "support": 20.0
  },
  "eggplant": {
    "precision": 0.9090909090909091,
    "recall": 0.967741935483871,
    "f1-score": 0.9375,
    "support": 31.0
  },
  "greenpepper": {
    "precision": 1.0,
    "recall": 0.7777777777777778,
    "f1-score": 0.875,
    "support": 9.0
  },
  "potato": {
    "precision": 0.627906976744186,
    "recall": 0.9310344827586207,
    "f1-score": 0.75,
    "support": 29.0
  },
  "redpepper": {
    "precision": 1.0,
    "recall": 0.8,
    "f1-score": 0.8888888888888888,
    "support": 5.0
  },
  "teacup": {
    "precision": 0.9090909090909091,
    "recall": 1.0,
    "f1-score": 0.9523809523809523,
    "support": 20.0
  },
  "tomato": {
    "precision": 1.0,
    "recall": 0.55,
    "f1-score": 0.7096774193548387,
    "support": 20.0
  },
  "yellowpepper": {
    "precision": 1.0,
    "recall": 1.0,
    "f1-score": 1.0,
    "support": 6.0
  },
  "accuracy": 0.86875,
  "macro avg": {
    "precision": 0.938454310547334,
    "recall": 0.85850602178003,
    "f1-score": 0.8818862969321539,
    "support": 160.0
  },
  "weighted avg": {
    "precision": 0.9035808668076111,
    "recall": 0.86875,
    "f1-score": 0.8677731257153398,
    "support": 160.0
  }
}