{
  "bowl": {
    "precision": 1.0,
    "recall": 1.0,
    "f1-score": 1.0,
    "support": 20.0
  },
  "carrot": {
    "precision": 1.0,
    "recall": 0.9,
    "f1-score": 0.9473684210526315,
    "support": 20.0
  },
  "eggplant": {
    "precision": 0.9375,
    "recall": 0.967741935483871,
    "f1-score": 0.9523809523809523,
    "support": 31.0
  },
  "greenpepper": {
    "precision": 0.875,
    "recall": 0.7777777777777778,
    "f1-score": 0.8235294117647058,
    "support": 9.0
  },
  "potato": {
    "precision": 0.8709677419354839,
    "recall": 0.9310344827586207,
    "f1-score": 0.9,
    "support": 29.0
  },
  "redpepper": {
    "precision": 1.0,
    "recall": 0.8,
    "f1-score": 0.8888888888888888,
    "support": 5.0
  },
  "teacup": {
    "precision": 1.0,
    "recall": 1.0,
    "f1-score": 1.0,
    "support": 20.0
  },
  "tomato": {
    "precision": 0.9444444444444444,
    "recall": 0.85,
    "f1-score": 0.8947368421052632,
    "support": 20.0
  },
  "yellowpepper": {
    "precision": 0.6666666666666666,
    "recall": 1.0,
    "f1-score": 0.8,
    "support": 6.0
  },
  "accuracy": 0.93125,
  "macro avg": {
    "precision": 0.9216198725607327,
    "recall": 0.9140615773355856,
    "f1-score": 0.9118782795769379,
    "support": 160.0
  },
  "weighted avg": {
    "precision": 0.9380278337813619,
    "recall": 0.93125,
    "f1-score": 0.9320132746080889,
    "support": 160.0
  }
}