{
  "bowl": {
    "precision": 1.0,
    "recall": 1.0,
    "f1-score": 1.0,
    "support": 20.0
  },
  "carrot": {
    "precision": 0.7916666666666666,
    "recall": 0.95,
    "f1-score": 0.8636363636363636,
    "support": 20.0
  },
  "eggplant": {
    "precision": 0.9117647058823529,
    "recall": 1.0,
    "f1-score": 0.9538461538461539,
    "support": 31.0
  },
  "greenpepper": {
    "precision": 1.0,
    "recall": 0.7777777777777778,
    "f1-score": 0.875,
    "support": 9.0
  },
  "potato": {
    "precision": 0.8709677419354839,
    "recall": 0.9310344827586207,
    "f1-score": 0.9,
    "support": 29.0
  },
  "redpepper": {
    "precision": 1.0,
    "recall": 0.2,
    "f1-score": 0.3333333333333333,
    "support": 5.0
  },
  "teacup": {
    "precision": 1.0,
    "recall": 1.0,
    "f1-score": 1.0,
    "support": 20.0
  },
  "tomato": {
    "precision": 0.8333333333333334,
    "recall": 0.75,
    "f1-score": 0.7894736842105263,
    "support": 20.0
  },
  "yellowpepper": {
    "precision": 0.8,
    "recall": 0.6666666666666666,
    "f1-score": 0.7272727272727273,
    "support": 6.0
  },
  "accuracy": 0.9,
  "macro avg": {
    "precision": 0.9119702719797598,
    "recall": 0.8083865474670072,
    "f1-score": 0.8269513624776783,
    "support": 160.0
  },
  "weighted avg": {
    "precision": 0.9051423149905125,
    "recall": 0.9,
    "f1-score": 0.8914795922279476,
    "support": 160.0
  }
}