{
  "bowl": {
    "precision": 1.0,
    "recall": 1.0,
    "f1-score": 1.0,
    "support": 20.0
  },
  "carrot": {
    "precision": 0.7916666666666666,
    "recall": 0.95,
    "f1-score": 0.8636363636363636,
    "support": 20.0
  },
  "eggplant": {
    "precision": 0.8787878787878788,
    "recall": 0.9354838709677419,
    "f1-score": 0.90625,
    "support": 31.0
  },
  "greenpepper": {
    "precision": 0.875,
    "recall": 0.7777777777777778,
    "f1-score": 0.8235294117647058,
    "support": 9.0
  },
  "potato": {
    "precision": 0.7941176470588235,
    "recall": 0.9310344827586207,
    "f1-score": 0.8571428571428571,
    "support": 29.0
  },
  "redpepper": {
    "precision": 1.0,
    "recall": 0.2,
    "f1-score": 0.3333333333333333,
    "support": 5.0
  },
  "teacup": {
    "precision": 1.0,
    "recall": 0.95,
    "f1-score": 0.9743589743589743,
    "support": 20.0
  },
  "tomato": {
    "precision": 1.0,
    "recall": 0.7,
    "f1-score": 0.8235294117647058,
    "support": 20.0
  },
  "yellowpepper": {
    "precision": 0.8571428571428571,
    "recall": 1.0,
    "f1-score": 0.9230769230769231,
    "support": 6.0
  },
  "accuracy": 0.8875,
  "macro avg": {
    "precision": 0.9107461166284696,
    "recall": 0.8271440146115712,
    "f1-score": 0.8338730305642071,
    "support": 160.0
  },
  "weighted avg": {
    "precision": 0.9007689155207537,
    "recall": 0.8875,
    "f1-score": 0.8799892547709642,
    "support": 160.0
  }
}