{
  "bowl": {
    "precision": 0.0,
    "recall": 0.0,
    "f1-score": 0.0,
    "support": 20.0
  },
  "carrot": {
    "precision": 0.17391304347826086,
    "recall": 0.4,
    "f1-score": 0.24242424242424243,
    "support": 20.0
  },
  "eggplant": {
    "precision": 0.3333333333333333,
    "recall": 0.22580645161290322,
    "f1-score": 0.2692307692307692,
    "support": 31.0
  },
  "greenpepper": {
    "precision": 0.0,
    "recall": 0.0,
    "f1-score": 0.0,
    "support": 9.0
  },
  "potato": {
    "precision": 0.5,
    "recall": 0.6896551724137931,
    "f1-score": 0.5797101449275363,
    "support": 29.0
  },
  "redpepper": {
    "precision": 0.0,
    "recall": 0.0,
    "f1-score": 0.0,
    "support": 5.0
  },
  "teacup": {
    "precision": 0.46511627906976744,
    "recall": 1.0,
    "f1-score": 0.6349206349206349,
    "support": 20.0
  },
  "tomato": {
    "precision": 0.0,
    "recall": 0.0,
    "f1-score": 0.0,
    "support": 20.0
  },
  "yellowpepper": {
    "precision": 0.0,
    "recall": 0.0,
    "f1-score": 0.0,
    "support": 6.0
  },
  "accuracy": 0.34375,
  "macro avg": {
    "precision": 0.16359585065348461,
    "recall": 0.25727351378074403,
    "f1-score": 0.1918095323892425,
    "support": 160.0
  },
  "weighted avg": {
    "precision": 0.23508699865183685,
    "recall": 0.34375,
    "f1-score": 0.2669040349746871,
    "support": 160.0
  }
}