{
  "bowl": {
    "precision": 0.8,
    "recall": 1.0,
    "f1-score": 0.8888888888888888,
    "support": 20.0
  },
  "carrot": {
    "precision": 0.6551724137931034,
    "recall": 0.95,
    "f1-score": 0.7755102040816326,
    "support": 20.0
  },
  "eggplant": {
    "precision": 0.9285714285714286,
    "recall": 0.8387096774193549,
    "f1-score": 0.8813559322033898,
    "support": 31.0
  },
  "greenpepper": {
    "precision": 1.0,
    "recall": 0.7777777777777778,
    "f1-score": 0.875,
    "support": 9.0
  },
  "potato": {
    "precision": 0.8275862068965517,
    "recall": 0.8275862068965517,
    "f1-score": 0.8275862068965517,
    "support": 29.0
  },
  "redpepper": {
    "precision": 1.0,
    "recall": 0.6,
    "f1-score": 0.75,
    "support": 5.0
  },
  "teacup": {
    "precision": 1.0,
    "recall": 0.95,
    "f1-score": 0.9743589743589743,
    "support": 20.0
  },
  "tomato": {
    "precision": 0.9285714285714286,
    "recall": 0.65,
    "f1-score": 0.7647058823529411,
    "support": 20.0
  },
  "yellowpepper": {
    "precision": 0.8333333333333334,
    "recall": 0.8333333333333334,
    "f1-score": 0.8333333333333334,
    "support": 6.0
  },
  "accuracy": 0.85,
  "macro avg": {
    "precision": 0.8859149790184273,
    "recall": 0.8252674439363353,
    "f1-score": 0.841193269123968,
    "support": 160.0
  },
  "weighted avg": {
    "precision": 0.8716286945812808,
    "recall": 0.85,
    "f1-score": 0.8501019555747114,
    "support": 160.0
  }
}