{
  "bowl": {
    "precision": 1.0,
    "recall": 1.0,
    "f1-score": 1.0,
    "support": 20.0
  },
  "carrot": {
    "precision": 0.8695652173913043,
    "recall": 1.0,
    "f1-score": 0.9302325581395349,
    "support": 20.0
  },
  "eggplant": {
    "precision": 0.9393939393939394,
    "recall": 1.0,
    "f1-score": 0.96875,
    "support": 31.0
  },
  "greenpepper": {
    "precision": 1.0,
    "recall": 0.7777777777777778,
    "f1-score": 0.875,
    "support": 9.0
  },
  "potato": {
    "precision": 0.8709677419354839,
    "recall": 0.9310344827586207,
    "f1-score": 0.9,
    "support": 29.0
  },
  "redpepper": {
    "precision": 1.0,
    "recall": 0.8,
    "f1-score": 0.8888888888888888,
    "support": 5.0
  },
  "teacup": {
    "precision": 0.9523809523809523,
    "recall": 1.0,
    "f1-score": 0.975609756097561,
    "support": 20.0
  },
  "tomato": {
    "precision": 0.9333333333333333,
    "recall": 0.7,
    "f1-score": 0.8,
    "support": 20.0
  },
  "yellowpepper": {
    "precision": 1.0,
    "recall": 1.0,
    "f1-score": 1.0,
    "support": 6.0
  },
  "accuracy": 0.93125,
  "macro avg": {
    "precision": 0.951737909381668,
    "recall": 0.9120902511707109,
    "f1-score": 0.9264979114584426,
    "support": 160.0
  },
  "weighted avg": {
    "precision": 0.934280416871581,
    "recall": 0.93125,
    "f1-score": 0.9285471295574148,
    "support": 160.0
  }
}