{
  "bowl": {
    "precision": 1.0,
    "recall": 1.0,
    "f1-score": 1.0,
    "support": 20.0
  },
  "carrot": {
    "precision": 0.7142857142857143,
    "recall": 1.0,
    "f1-score": 0.8333333333333334,
    "support": 20.0
  },
  "eggplant": {
    "precision": 0.9375,
    "recall": 0.967741935483871,
    "f1-score": 0.9523809523809523,
    "support": 31.0
  },
  "greenpepper": {
    "precision": 1.0,
    "recall": 0.7777777777777778,
    "f1-score": 0.875,
    "support": 9.0
  },
  "potato": {
    "precision": 0.8620689655172413,
    "recall": 0.8620689655172413,
    "f1-score": 0.8620689655172413,
    "support": 29.0
  },
  "redpepper": {
    "precision": 1.0,
    "recall": 0.6,
    "f1-score": 0.75,
    "support": 5.0
  },
  "teacup": {
    "precision": 1.0,
    "recall": 1.0,
    "f1-score": 1.0,
    "support": 20.0
  },
  "tomato": {
    "precision": 0.8571428571428571,
    "recall": 0.6,
    "f1-score": 0.7058823529411765,
    "support": 20.0
  },
  "yellowpepper": {
    "precision": 0.8571428571428571,
    "recall": 1.0,
    "f1-score": 0.9230769230769231,
    "support": 6.0
  },
  "accuracy": 0.89375,
  "macro avg": {
    "precision": 0.9142378215654079,
    "recall": 0.8675098531976544,
    "f1-score": 0.8779713919166252,
    "support": 160.0
  },
  "weighted avg": {
    "precision": 0.9039620535714284,
    "recall": 0.89375,
    "f1-score": 0.8904474049235078,
    "support": 160.0
  }
}