{
  "bowl": {
    "precision": 0.8,
    "recall": 1.0,
    "f1-score": 0.8888888888888888,
    "support": 20.0
  },
  "carrot": {
    "precision": 0.9090909090909091,
    "recall": 0.5,
    "f1-score": 0.6451612903225806,
    "support": 20.0
  },
  "eggplant": {
    "precision": 0.8125,
    "recall": 0.8387096774193549,
    "f1-score": 0.8253968253968254,
    "support": 31.0
  },
  "greenpepper": {
    "precision": 1.0,
    "recall": 0.4444444444444444,
    "f1-score": 0.6153846153846154,
    "support": 9.0
  },
  "potato": {
    "precision": 0.6923076923076923,
    "recall": 0.9310344827586207,
    "f1-score": 0.7941176470588235,
    "support": 29.0
  },
  "redpepper": {
    "precision": 0.5,
    "recall": 0.2,
    "f1-score": 0.2857142857142857,
    "support": 5.0
  },
  "teacup": {
    "precision": 1.0,
    "recall": 0.95,
    "f1-score": 0.9743589743589743,
    "support": 20.0
  },
  "tomato": {
    "precision": 0.5714285714285714,
    "recall": 0.8,
    "f1-score": 0.6666666666666666,
    "support": 20.0
  },
  "yellowpepper": {
    "precision": 0.0,
    "recall": 0.0,
    "f1-score": 0.0,
    "support": 6.0
  },
  "accuracy": 0.76875,
  "macro avg": {
    "precision": 0.6983696858696858,
    "recall": 0.629354289402491,
    "f1-score": 0.63285435486574,
    "support": 160.0
  },
  "weighted avg": {
    "precision": 0.7648425792957043,
    "recall": 0.76875,
    "f1-score": 0.7442828920236415,
    "support": 160.0
  }
}