{
  "bowl": {
    "precision": 1.0,
    "recall": 1.0,
    "f1-score": 1.0,
    "support": 20.0
  },
  "carrot": {
    "precision": 1.0,
    "recall": 0.95,
    "f1-score": 0.9743589743589743,
    "support": 20.0
  },
  "eggplant": {
    "precision": 0.967741935483871,
    "recall": 0.967741935483871,
    "f1-score": 0.967741935483871,
    "support": 31.0
  },
  "greenpepper": {
    "precision": 0.8181818181818182,
    "recall": 1.0,
    "f1-score": 0.9,
    "support": 9.0
  },
  "potato": {
    "precision": 0.84375,
    "recall": 0.9310344827586207,
    "f1-score": 0.8852459016393442,
    "support": 29.0
  },
  "redpepper": {
    "precision": 1.0,
    "recall": 0.8,
    "f1-score": 0.8888888888888888,
    "support": 5.0
  },
  "teacup": {
    "precision": 0.9523809523809523,
    "recall": 1.0,
    "f1-score": 0.975609756097561,
    "support": 20.0
  },
  "tomato": {
    "precision": 1.0,
    "recall": 0.8,
    "f1-score": 0.8888888888888888,
    "support": 20.0
  },
  "yellowpepper": {
    "precision": 1.0,
    "recall": 1.0,
    "f1-score": 1.0,
    "support": 6.0
  },
  "accuracy": 0.94375,
  "macro avg": {
    "precision": 0.9535616340051823,
    "recall": 0.9387529353602768,
    "f1-score": 0.9423038161508366,
    "support": 160.0
  },
  "weighted avg": {
    "precision": 0.9492500338203463,
    "recall": 0.94375,
    "f1-score": 0.943710799868087,
    "support": 160.0
  }
}