{
  "bowl": {
    "precision": 0.0,
    "recall": 0.0,
    "f1-score": 0.0,
    "support": 20.0
  },
  "carrot": {
    "precision": 0.18556701030927836,
    "recall": 0.9,
    "f1-score": 0.3076923076923077,
    "support": 20.0
  },
  "eggplant": {
    "precision": 0.0,
    "recall": 0.0,
    "f1-score": 0.0,
    "support": 31.0
  },
  "greenpepper": {
    "precision": 0.0,
    "recall": 0.0,
    "f1-score": 0.0,
    "support": 9.0
  },
  "potato": {
    "precision": 0.375,
    "recall": 0.41379310344827586,
    "f1-score": 0.39344262295081966,
    "support": 29.0
  },
  "redpepper": {
    "precision": 0.0,
    "recall": 0.0,
    "f1-score": 0.0,
    "support": 5.0
  },
  "teacup": {
    "precision": 0.6129032258064516,
    "recall": 0.95,
    "f1-score": 0.7450980392156863,
    "support": 20.0
  },
  "tomato": {
    "precision": 0.0,
    "recall": 0.0,
    "f1-score": 0.0,
    "support": 20.0
  },
  "yellowpepper": {
    "precision": 0.0,
    "recall": 0.0,
    "f1-score": 0.0,
    "support": 6.0
  },
  "accuracy": 0.30625,
  "macro avg": {
    "precision": 0.13038558179063667,
    "recall": 0.2515325670498084,
    "f1-score": 0.16069255220653486,
    "support": 160.0
  },
  "weighted avg": {
    "precision": 0.16777752951446626,
    "recall": 0.30625,
    "f1-score": 0.20291026877333534,
    "support": 160.0
  }
}