{
  "bowl": {
    "precision": 0.6551724137931034,
    "recall": 0.95,
    "f1-score": 0.7755102040816326,
    "support": 20.0
  },
  "carrot": {
    "precision": 0.6363636363636364,
    "recall": 0.7,
    "f1-score": 0.6666666666666666,
    "support": 20.0
  },
  "eggplant": {
    "precision": 0.7096774193548387,
    "recall": 0.7096774193548387,
    "f1-score": 0.7096774193548387,
    "support": 31.0
  },
  "greenpepper": {
    "precision": 1.0,
    "recall": 0.4444444444444444,
    "f1-score": 0.6153846153846154,
    "support": 9.0
  },
  "potato": {
    "precision": 0.7428571428571429,
    "recall": 0.896551724137931,
    "f1-score": 0.8125,
    "support": 29.0
  },
  "redpepper": {
    "precision": 0.0,
    "recall": 0.0,
    "f1-score": 0.0,
    "support": 5.0
  },
  "teacup": {
    "precision": 0.95,
    "recall": 0.95,
    "f1-score": 0.95,
    "support": 20.0
  },
  "tomato": {
    "precision": 0.7368421052631579,
    "recall": 0.7,
    "f1-score": 0.717948717948718,
    "support": 20.0
  },
  "yellowpepper": {
    "precision": 0.0,
    "recall": 0.0,
    "f1-score": 0.0,
    "support": 6.0
  },
  "accuracy": 0.7375,
  "macro avg": {
    "precision": 0.6034347464035421,
    "recall": 0.5945192875485793,
    "f1-score": 0.5830764026040524,
    "support": 160.0
  },
  "weighted avg": {
    "precision": 0.7006901265703445,
    "recall": 0.7375,
    "f1-score": 0.7081467082025117,
    "support": 160.0
  }
}