{
  "bowl": {
    "precision": 0.8695652173913043,
    "recall": 1.0,
    "f1-score": 0.9302325581395349,
    "support": 20.0
  },
  "carrot": {
    "precision": 0.72,
    "recall": 0.9,
    "f1-score": 0.8,
    "support": 20.0
  },
  "eggplant": {
    "precision": 0.875,
    "recall": 0.9032258064516129,
    "f1-score": 0.8888888888888888,
    "support": 31.0
  },
  "greenpepper": {
    "precision": 1.0,
    "recall": 0.7777777777777778,
    "f1-score": 0.875,
    "support": 9.0
  },
  "potato": {
    "precision": 0.8125,
    "recall": 0.896551724137931,
    "f1-score": 0.8524590163934426,
    "support": 29.0
  },
  "redpepper": {
    "precision": 1.0,
    "recall": 0.2,
    "f1-score": 0.3333333333333333,
    "support": 5.0
  },
  "teacup": {
    "precision": 1.0,
    "recall": 0.95,
    "f1-score": 0.9743589743589743,
    "support": 20.0
  },
  "tomato": {
    "precision": 0.875,
    "recall": 0.7,
    "f1-score": 0.7777777777777778,
    "support": 20.0
  },
  "yellowpepper": {
    "precision": 0.6,
    "recall": 0.5,
    "f1-score": 0.5454545454545454,
    "support": 6.0
  },
  "accuracy": 0.85,
  "macro avg": {
    "precision": 0.8613405797101449,
    "recall": 0.7586172564852579,
    "f1-score": 0.7752783438162775,
    "support": 160.0
  },
  "weighted avg": {
    "precision": 0.8598675271739131,
    "recall": 0.85,
    "f1-score": 0.8421165448492817,
    "support": 160.0
  }
}