{
  "bowl": {
    "precision": 1.0,
    "recall": 1.0,
    "f1-score": 1.0,
    "support": 20.0
  },
  "carrot": {
    "precision": 0.7407407407407407,
    "recall": 1.0,
    "f1-score": 0.851063829787234,
    "support": 20.0
  },
  "eggplant": {
    "precision": 0.967741935483871,
    "recall": 0.967741935483871,
    "f1-score": 0.967741935483871,
    "support": 31.0
  },
  "greenpepper": {
    "precision": 1.0,
    "recall": 0.7777777777777778,
    "f1-score": 0.875,
    "support": 9.0
  },
  "potato": {
    "precision": 0.8666666666666667,
    "recall": 0.896551724137931,
    "f1-score": 0.8813559322033898,
    "support": 29.0
  },
  "redpepper": {
    "precision": 1.0,
    "recall": 0.6,
    "f1-score": 0.75,
    "support": 5.0
  },
  "teacup": {
    "precision": 1.0,
    "recall": 1.0,
    "f1-score": 1.0,
    "support": 20.0
  },
  "tomato": {
    "precision": 0.8571428571428571,
    "recall": 0.6,
    "f1-score": 0.7058823529411765,
    "support": 20.0
  },
  "yellowpepper": {
    "precision": 0.75,
    "recall": 1.0,
    "f1-score": 0.8571428571428571,
    "support": 6.0
  },
  "accuracy": 0.9,
  "macro avg": {
    "precision": 0.9091435777815706,
    "recall": 0.8713412708221756,
    "f1-score": 0.8764652119509475,
    "support": 160.0
  },
  "weighted avg": {
    "precision": 0.909943783068783,
    "recall": 0.9,
    "f1-score": 0.8966631426957727,
    "support": 160.0
  }
}