{
  "bowl": {
    "precision": 1.0,
    "recall": 1.0,
    "f1-score": 1.0,
    "support": 20.0
  },
  "carrot": {
    "precision": 0.9090909090909091,
    "recall": 1.0,
    "f1-score": 0.9523809523809523,
    "support": 20.0
  },
  "eggplant": {
    "precision": 0.96875,
    "recall": 1.0,
    "f1-score": 0.9841269841269841,
    "support": 31.0
  },
  "greenpepper": {
    "precision": 1.0,
    "recall": 0.8888888888888888,
    "f1-score": 0.9411764705882353,
    "support": 9.0
  },
  "potato": {
    "precision": 1.0,
    "recall": 0.9655172413793104,
    "f1-score": 0.9824561403508771,
    "support": 29.0
  },
  "redpepper": {
    "precision": 1.0,
    "recall": 0.8,
    "f1-score": 0.8888888888888888,
    "support": 5.0
  },
  "teacup": {
    "precision": 1.0,
    "recall": 1.0,
    "f1-score": 1.0,
    "support": 20.0
  },
  "tomato": {
    "precision": 0.95,
    "recall": 0.95,
    "f1-score": 0.95,
    "support": 20.0
  },
  "yellowpepper": {
    "precision": 1.0,
    "recall": 1.0,
    "f1-score": 1.0,
    "support": 6.0
  },
  "accuracy": 0.975,
  "macro avg": {
    "precision": 0.9808712121212122,
    "recall": 0.9560451255853555,
    "f1-score": 0.9665588262595486,
    "support": 160.0
  },
  "weighted avg": {
    "precision": 0.9763316761363636,
    "recall": 0.975,
    "f1-score": 0.9747613519091847,
    "support": 160.0
  }
}