{
  "bowl": {
    "precision": 1.0,
    "recall": 1.0,
    "f1-score": 1.0,
    "support": 20.0
  },
  "carrot": {
    "precision": 0.7692307692307693,
    "recall": 1.0,
    "f1-score": 0.8695652173913043,
    "support": 20.0
  },
  "eggplant": {
    "precision": 0.9375,
    "recall": 0.967741935483871,
    "f1-score": 0.9523809523809523,
    "support": 31.0
  },
  "greenpepper": {
    "precision": 1.0,
    "recall": 0.7777777777777778,
    "f1-score": 0.875,
    "support": 9.0
  },
  "potato": {
    "precision": 0.8709677419354839,
    "recall": 0.9310344827586207,
    "f1-score": 0.9,
    "support": 29.0
  },
  "redpepper": {
    "precision": 1.0,
    "recall": 0.6,
    "f1-score": 0.75,
    "support": 5.0
  },
  "teacup": {
    "precision": 1.0,
    "recall": 1.0,
    "f1-score": 1.0,
    "support": 20.0
  },
  "tomato": {
    "precision": 1.0,
    "recall": 0.6,
    "f1-score": 0.75,
    "support": 20.0
  },
  "yellowpepper": {
    "precision": 0.6666666666666666,
    "recall": 1.0,
    "f1-score": 0.8,
    "support": 6.0
  },
  "accuracy": 0.90625,
  "macro avg": {
    "precision": 0.9160405753147689,
    "recall": 0.8751726884466966,
    "f1-score": 0.8774384633080284,
    "support": 160.0
  },
  "weighted avg": {
    "precision": 0.9231573743796526,
    "recall": 0.90625,
    "f1-score": 0.9027507116977226,
    "support": 160.0
  }
}