{
  "bowl": {
    "precision": 1.0,
    "recall": 1.0,
    "f1-score": 1.0,
    "support": 20.0
  },
  "carrot": {
    "precision": 0.8947368421052632,
    "recall": 0.85,
    "f1-score": 0.8717948717948718,
    "support": 20.0
  },
  "eggplant": {
    "precision": 0.96875,
    "recall": 1.0,
    "f1-score": 0.9841269841269841,
    "support": 31.0
  },
  "greenpepper": {
    "precision": 1.0,
    "recall": 0.8888888888888888,
    "f1-score": 0.9411764705882353,
    "support": 9.0
  },
  "potato": {
    "precision": 1.0,
    "recall": 0.9655172413793104,
    "f1-score": 0.9824561403508771,
    "support": 29.0
  },
  "redpepper": {
    "precision": 1.0,
    "recall": 0.6,
    "f1-score": 0.75,
    "support": 5.0
  },
  "teacup": {
    "precision": 1.0,
    "recall": 1.0,
    "f1-score": 1.0,
    "support": 20.0
  },
  "tomato": {
    "precision": 0.9473684210526315,
    "recall": 0.9,
    "f1-score": 0.9230769230769231,
    "support": 20.0
  },
  "yellowpepper": {
    "precision": 0.5454545454545454,
    "recall": 1.0,
    "f1-score": 0.7058823529411765,
    "support": 6.0
  },
  "accuracy": 0.94375,
  "macro avg": {
    "precision": 0.9284788676236045,
    "recall": 0.9116006811409112,
    "f1-score": 0.906501526986563,
    "support": 160.0
  },
  "weighted avg": {
    "precision": 0.9571630158492823,
    "recall": 0.94375,
    "f1-score": 0.9459530176780564,
    "support": 160.0
  }
}