{
  "bowl": {
    "precision": 1.0,
    "recall": 1.0,
    "f1-score": 1.0,
    "support": 20.0
  },
  "carrot": {
    "precision": 0.95,
    "recall": 0.95,
    "f1-score": 0.95,
    "support": 20.0
  },
  "eggplant": {
    "precision": 0.9393939393939394,
    "recall": 1.0,
    "f1-score": 0.96875,
    "support": 31.0
  },
  "greenpepper": {
    "precision": 1.0,
    "recall": 0.7777777777777778,
    "f1-score": 0.875,
    "support": 9.0
  },
  "potato": {
    "precision": 0.9032258064516129,
    "recall": 0.9655172413793104,
    "f1-score": 0.9333333333333333,
    "support": 29.0
  },
  "redpepper": {
    "precision": 1.0,
    "recall": 0.8,
    "f1-score": 0.8888888888888888,
    "support": 5.0
  },
  "teacup": {
    "precision": 1.0,
    "recall": 1.0,
    "f1-score": 1.0,
    "support": 20.0
  },
  "tomato": {
    "precision": 0.8888888888888888,
    "recall": 0.8,
    "f1-score": 0.8421052631578947,
    "support": 20.0
  },
  "yellowpepper": {
    "precision": 0.8571428571428571,
    "recall": 1.0,
    "f1-score": 0.9230769230769231,
    "support": 6.0
  },
  "accuracy": 0.94375,
  "macro avg": {
    "precision": 0.9487390546530333,
    "recall": 0.9214772243507876,
    "f1-score": 0.9312393787174488,
    "support": 160.0
  },
  "weighted avg": {
    "precision": 0.9452212214308988,
    "recall": 0.94375,
    "f1-score": 0.942487049454566,
    "support": 160.0
  }
}